order_id,product,price,quantity,total,region,timestamp
ORD00076,Mouse,394.04,3,1182.12,North America,2025-02-22 20:00:33
ORD00078,Headphones,182.15,4,728.6,North America,2025-01-04 20:00:33
ORD00097,Tablet,1171.3,2,2342.6,North America,2025-04-26 20:00:33
ORD00117,Headphones,563.68,2,1127.36,South America,2025-04-06 20:00:33
ORD00177,Laptop,265.56,2,531.12,South America,2025-03-20 20:00:33
ORD00184,Monitor,767.28,4,3069.12,North America,2024-08-11 20:00:33
ORD00227,Headphones,548.78,5,2743.9,North America,2024-08-01 20:00:33
ORD00253,Keyboard,1355.25,5,6776.25,Africa,2024-08-07 20:00:33
ORD00295,Keyboard,913.45,4,3653.8,Africa,2025-02-24 20:00:33
ORD00326,Smartphone,814.22,3,2442.66,Asia,2024-12-19 20:00:33
ORD00335,Laptop,1110.75,4,4443.0,North America,2025-06-12 20:00:33
ORD00342,Keyboard,1216.07,5,6080.35,Asia,2024-08-19 20:00:33
ORD00403,Laptop,1343.63,5,6718.15,North America,2024-10-30 20:00:33
ORD00405,Headphones,1024.53,5,5122.65,North America,2025-05-23 20:00:33
ORD00468,Monitor,1283.03,4,5132.12,Africa,2025-02-10 20:00:33
ORD00500,Headphones,1354.77,5,6773.85,North America,2025-05-01 20:00:33
ORD00513,Monitor,500.81,5,2504.05,Asia,2024-09-24 20:00:33
ORD00537,Laptop,1053.42,1,1053.42,Africa,2024-10-14 20:00:33
ORD00579,Laptop,394.41,1,394.41,North America,2024-10-20 20:00:33
ORD00623,Smartphone,1072.1,4,4288.4,Asia,2024-09-21 20:00:33
ORD00640,Smartphone,228.79,4,915.16,South America,2024-07-25 20:00:33
ORD00714,Keyboard,175.25,5,876.25,Asia,2025-01-20 20:00:33
ORD00727,Smartphone,726.31,5,3631.55,Africa,2024-09-19 20:00:33
ORD00757,Monitor,265.46,3,796.38,Europe,2025-04-22 20:00:33
ORD00783,Keyboard,54.68,5,273.4,North America,2025-03-17 20:00:33
ORD00008,Laptop,997.64,3,2992.92,Europe,2025-01-07 20:00:33
ORD00154,Headphones,341.43,1,341.43,South America,2024-10-25 20:00:33
ORD00237,Laptop,369.13,1,369.13,Europe,2024-08-08 20:00:33
ORD00246,Mouse,675.42,3,2026.26,North America,2025-06-09 20:00:33
ORD00276,Mouse,819.42,1,819.42,South America,2024-12-15 20:00:33
ORD00293,Tablet,52.28,4,209.12,South America,2025-06-22 20:00:33
ORD00297,Tablet,995.89,5,4979.45,South America,2024-12-05 20:00:33
ORD00338,Headphones,1358.69,3,4076.07,Asia,2025-05-04 20:00:33
ORD00350,Mouse,586.71,5,2933.55,North America,2024-10-14 20:00:33
ORD00374,Monitor,1015.35,2,2030.7,Africa,2024-12-31 20:00:33
ORD00407,Tablet,667.63,3,2002.89,Asia,2024-08-02 20:00:33
ORD00424,Laptop,1469.24,3,4407.72,Europe,2025-06-02 20:00:33
ORD00437,Headphones,1120.59,1,1120.59,South America,2024-07-09 20:00:33
ORD00492,Laptop,411.43,1,411.43,North America,2025-05-31 20:00:33
ORD00525,Tablet,142.11,3,426.33,South America,2025-03-16 20:00:33
ORD00554,Mouse,212.7,3,638.1,Africa,2025-03-04 20:00:33
ORD00571,Monitor,1337.36,5,6686.8,Africa,2024-09-28 20:00:33
ORD00610,Laptop,1153.63,1,1153.63,Europe,2024-09-28 20:00:33
ORD00666,Mouse,1124.65,5,5623.25,North America,2025-03-24 20:00:33
ORD00728,Smartphone,894.31,5,4471.55,Europe,2025-01-19 20:00:33
ORD00736,Tablet,115.78,1,115.78,Africa,2025-04-21 20:00:33
ORD00801,Smartphone,593.13,1,593.13,South America,2025-07-01 20:00:33
ORD00832,Keyboard,468.55,4,1874.2,Europe,2025-06-10 20:00:33
ORD00881,Keyboard,1451.01,4,5804.04,South America,2025-02-04 20:00:33
ORD00926,Monitor,812.87,3,2438.61,Asia,2025-01-27 20:00:33
ORD00955,Laptop,1208.35,5,6041.75,South America,2025-06-01 20:00:33
ORD00022,Keyboard,765.31,3,2295.93,North America,2025-02-13 20:00:33
ORD00058,Monitor,1043.06,3,3129.18,South America,2025-06-03 20:00:33
ORD00085,Tablet,1018.71,3,3056.13,Africa,2024-11-06 20:00:33
ORD00090,Mouse,251.28,1,251.28,Africa,2025-04-04 20:00:33
ORD00093,Laptop,732.57,5,3662.85,Europe,2025-03-17 20:00:33
ORD00130,Smartphone,346.92,5,1734.6,South America,2024-11-25 20:00:33
ORD00199,Mouse,1014.23,2,2028.46,Asia,2025-05-02 20:00:33
ORD00204,Monitor,181.98,4,727.92,South America,2024-11-16 20:00:33
ORD00213,Smartphone,359.61,1,359.61,Asia,2024-11-05 20:00:33
ORD00270,Keyboard,1232.92,3,3698.76,Asia,2024-08-26 20:00:33
ORD00279,Mouse,1344.69,4,5378.76,North America,2025-02-20 20:00:33
ORD00299,Headphones,1112.03,1,1112.03,Africa,2025-01-28 20:00:33
ORD00357,Laptop,114.66,4,458.64,North America,2024-11-23 20:00:33
ORD00497,Mouse,1097.03,1,1097.03,Europe,2024-11-20 20:00:33
ORD00585,Keyboard,1271.14,5,6355.7,South America,2024-09-25 20:00:33
ORD00587,Keyboard,1240.44,1,1240.44,North America,2025-04-22 20:00:33
ORD00638,Keyboard,350.99,3,1052.97,South America,2025-07-01 20:00:33
ORD00671,Laptop,360.05,2,720.1,South America,2024-07-24 20:00:33
ORD00730,Keyboard,1138.23,1,1138.23,Europe,2025-05-23 20:00:33
ORD00762,Tablet,1392.8,2,2785.6,North America,2024-09-19 20:00:33
ORD00860,Keyboard,1338.91,5,6694.55,North America,2024-10-10 20:00:33
ORD00924,Tablet,1078.02,1,1078.02,North America,2025-05-06 20:00:33
ORD00927,Tablet,919.44,5,4597.2,Asia,2025-02-05 20:00:33
ORD00932,Keyboard,1006.58,5,5032.9,Asia,2025-03-14 20:00:33
ORD00953,Tablet,1020.14,2,2040.28,North America,2025-03-06 20:00:33
ORD00075,Monitor,544.57,5,2722.85,Africa,2024-11-30 20:00:33
ORD00102,Smartphone,1052.91,5,5264.55,Asia,2024-08-16 20:00:33
ORD00146,Keyboard,704.75,1,704.75,Asia,2024-07-31 20:00:33
ORD00163,Laptop,268.26,1,268.26,Africa,2025-03-19 20:00:33
ORD00187,Laptop,1322.27,4,5289.08,North America,2025-03-26 20:00:33
ORD00249,Keyboard,1200.88,2,2401.76,Africa,2025-01-09 20:00:33
ORD00255,Keyboard,106.52,2,213.04,Africa,2024-10-11 20:00:33
ORD00287,Headphones,632.24,5,3161.2,Africa,2024-07-06 20:00:33
ORD00310,Monitor,961.08,1,961.08,Africa,2024-10-29 20:00:33
ORD00369,Monitor,905.45,5,4527.25,North America,2025-04-05 20:00:33
ORD00397,Monitor,1278.79,2,2557.58,Africa,2025-06-06 20:00:33
ORD00417,Monitor,637.5,4,2550.0,South America,2025-04-11 20:00:33
ORD00442,Laptop,700.01,4,2800.04,Africa,2024-07-23 20:00:33
ORD00464,Monitor,276.99,2,553.98,North America,2025-02-04 20:00:33
ORD00532,Laptop,212.44,4,849.76,Asia,2025-04-25 20:00:33
ORD00606,Headphones,123.85,5,619.25,North America,2025-06-20 20:00:33
ORD00626,Tablet,287.64,2,575.28,Africa,2024-08-27 20:00:33
ORD00646,Smartphone,1250.28,3,3750.84,Europe,2025-01-13 20:00:33
ORD00657,Monitor,648.36,2,1296.72,North America,2025-01-06 20:00:33
ORD00705,Mouse,885.95,1,885.95,South America,2024-09-14 20:00:33
ORD00715,Headphones,818.38,2,1636.76,Africa,2025-01-29 20:00:33
ORD00733,Keyboard,362.49,1,362.49,South America,2024-12-15 20:00:33
ORD00751,Monitor,1274.26,3,3822.78,Europe,2025-03-15 20:00:33
ORD00828,Mouse,207.96,5,1039.8,North America,2024-12-14 20:00:33
ORD00846,Keyboard,1474.11,1,1474.11,Europe,2024-08-05 20:00:33
ORD00864,Headphones,65.94,2,131.88,Africa,2024-10-01 20:00:33
ORD00903,Laptop,1133.06,1,1133.06,South America,2024-07-05 20:00:33
ORD00909,Headphones,866.4,4,3465.6,Asia,2024-12-04 20:00:33
ORD00046,Mouse,1063.21,2,2126.42,South America,2025-05-19 20:00:33
ORD00086,Headphones,408.72,4,1634.88,South America,2024-08-29 20:00:33
ORD00095,Mouse,1355.51,3,4066.53,Europe,2025-05-29 20:00:33
ORD00121,Headphones,1295.16,5,6475.8,North America,2025-06-10 20:00:33
ORD00186,Mouse,189.7,5,948.5,South America,2025-04-27 20:00:33
ORD00254,Smartphone,116.89,2,233.78,Asia,2025-03-24 20:00:33
ORD00265,Keyboard,151.62,1,151.62,Europe,2025-05-17 20:00:33
ORD00305,Tablet,495.51,1,495.51,Asia,2024-12-06 20:00:33
ORD00314,Tablet,131.32,5,656.6,Asia,2024-09-14 20:00:33
ORD00317,Laptop,1086.19,4,4344.76,Asia,2024-12-25 20:00:33
ORD00324,Headphones,743.33,3,2229.99,Europe,2025-01-15 20:00:33
ORD00372,Headphones,1358.26,1,1358.26,Africa,2024-08-27 20:00:33
ORD00388,Laptop,1244.53,5,6222.65,North America,2024-08-10 20:00:33
ORD00448,Headphones,466.92,5,2334.6,Asia,2025-03-19 20:00:33
ORD00463,Headphones,1121.78,3,3365.34,North America,2024-08-16 20:00:33
ORD00467,Monitor,274.43,4,1097.72,Africa,2024-12-15 20:00:33
ORD00502,Smartphone,1428.71,4,5714.84,South America,2024-11-20 20:00:33
ORD00520,Headphones,1358.14,1,1358.14,North America,2025-05-31 20:00:33
ORD00526,Smartphone,968.74,3,2906.22,North America,2025-05-18 20:00:33
ORD00563,Headphones,77.68,5,388.4,Africa,2025-05-07 20:00:33
ORD00668,Smartphone,217.83,3,653.49,Asia,2024-08-08 20:00:33
ORD00669,Keyboard,317.3,3,951.9,North America,2024-07-23 20:00:33
ORD00745,Smartphone,385.19,3,1155.57,South America,2024-10-05 20:00:33
ORD00797,Headphones,967.08,1,967.08,Africa,2024-09-07 20:00:33
ORD00798,Mouse,698.81,2,1397.62,South America,2025-03-03 20:00:33
ORD00874,Monitor,862.61,5,4313.05,South America,2025-05-28 20:00:33
ORD00900,Laptop,796.89,5,3984.45,North America,2025-04-11 20:00:33
ORD00912,Smartphone,1493.49,1,1493.49,North America,2024-08-16 20:00:33
ORD00933,Keyboard,646.76,1,646.76,Europe,2025-03-15 20:00:33
ORD00938,Mouse,817.39,2,1634.78,South America,2024-07-17 20:00:33
ORD00944,Headphones,441.2,4,1764.8,South America,2025-04-24 20:00:33
ORD00959,Headphones,296.44,2,592.88,Africa,2024-07-17 20:00:33
ORD00995,Keyboard,873.16,1,873.16,South America,2025-04-08 20:00:33
ORD00015,Tablet,1469.8,4,5879.2,Africa,2024-10-04 20:00:33
ORD00044,Headphones,1177.44,4,4709.76,Asia,2025-04-18 20:00:33
ORD00135,Laptop,1013.87,2,2027.74,Europe,2025-04-14 20:00:33
ORD00224,Mouse,868.61,5,4343.05,Asia,2024-10-25 20:00:33
ORD00240,Mouse,442.39,2,884.78,South America,2024-09-07 20:00:33
ORD00303,Tablet,272.51,4,1090.04,Europe,2024-09-25 20:00:33
ORD00330,Monitor,1119.38,3,3358.14,Asia,2024-08-14 20:00:33
ORD00422,Tablet,1023.86,4,4095.44,Europe,2025-06-15 20:00:33
ORD00474,Tablet,1345.95,5,6729.75,Europe,2024-08-28 20:00:33
ORD00479,Monitor,735.47,1,735.47,South America,2025-01-23 20:00:33
ORD00496,Keyboard,574.74,4,2298.96,Europe,2024-12-15 20:00:33
ORD00522,Mouse,968.88,2,1937.76,North America,2024-12-18 20:00:33
ORD00572,Smartphone,1304.02,5,6520.1,Africa,2024-08-21 20:00:33
ORD00580,Smartphone,1141.81,2,2283.62,North America,2025-06-02 20:00:33
ORD00620,Monitor,1258.85,2,2517.7,South America,2024-11-02 20:00:33
ORD00639,Tablet,1266.89,4,5067.56,Africa,2025-02-27 20:00:33
ORD00649,Headphones,918.51,1,918.51,South America,2024-09-09 20:00:33
ORD00673,Mouse,135.54,4,542.16,North America,2024-07-25 20:00:33
ORD00698,Monitor,993.56,4,3974.24,South America,2024-09-06 20:00:33
ORD00709,Smartphone,1107.14,5,5535.7,Europe,2025-04-26 20:00:33
ORD00721,Tablet,921.21,1,921.21,Africa,2024-11-09 20:00:33
ORD00755,Monitor,907.74,5,4538.7,Africa,2024-09-30 20:00:33
ORD00770,Mouse,1239.2,5,6196.0,Africa,2025-04-19 20:00:33
ORD00780,Laptop,1134.91,2,2269.82,South America,2025-04-01 20:00:33
ORD00849,Keyboard,146.37,2,292.74,South America,2024-11-25 20:00:33
ORD00861,Laptop,318.34,3,955.02,North America,2025-05-11 20:00:33
ORD00880,Mouse,193.58,1,193.58,North America,2025-06-18 20:00:33
ORD00885,Headphones,632.07,5,3160.35,North America,2024-09-06 20:00:33
ORD00905,Keyboard,627.49,2,1254.98,Europe,2025-04-12 20:00:33
ORD00006,Monitor,1196.61,3,3589.83,Africa,2024-11-18 20:00:33
ORD00018,Laptop,1193.98,4,4775.92,North America,2025-01-24 20:00:33
ORD00021,Monitor,564.82,3,1694.46,North America,2025-01-16 20:00:33
ORD00034,Tablet,1455.39,4,5821.56,Europe,2025-06-01 20:00:33
ORD00069,Monitor,430.52,5,2152.6,North America,2025-05-08 20:00:33
ORD00116,Smartphone,605.43,3,1816.29,Asia,2024-10-24 20:00:33
ORD00140,Headphones,672.5,5,3362.5,Africa,2025-02-26 20:00:33
ORD00194,Mouse,905.43,4,3621.72,South America,2024-12-27 20:00:33
ORD00207,Tablet,255.25,5,1276.25,Africa,2024-10-15 20:00:33
ORD00220,Headphones,1412.47,5,7062.35,South America,2025-04-19 20:00:33
ORD00256,Keyboard,780.24,3,2340.72,Africa,2024-09-12 20:00:33
ORD00289,Mouse,143.12,2,286.24,South America,2024-10-10 20:00:33
ORD00306,Headphones,1005.08,5,5025.4,Africa,2024-10-08 20:00:33
ORD00321,Keyboard,1244.26,5,6221.3,North America,2025-05-21 20:00:33
ORD00322,Keyboard,118.41,5,592.05,Africa,2025-05-19 20:00:33
ORD00363,Headphones,152.07,5,760.35,North America,2025-05-07 20:00:33
ORD00429,Laptop,707.85,2,1415.7,North America,2025-01-19 20:00:33
ORD00486,Laptop,636.65,2,1273.3,Africa,2025-01-16 20:00:33
ORD00564,Mouse,669.76,3,2009.28,North America,2025-04-07 20:00:33
ORD00603,Monitor,1380.56,2,2761.12,Asia,2024-12-31 20:00:33
ORD00643,Keyboard,836.91,4,3347.64,South America,2024-10-08 20:00:33
ORD00652,Headphones,763.2,4,3052.8,Europe,2025-02-25 20:00:33
ORD00654,Smartphone,1290.63,5,6453.15,Asia,2025-06-12 20:00:33
ORD00672,Laptop,952.01,4,3808.04,Asia,2024-08-05 20:00:33
ORD00737,Headphones,824.17,1,824.17,South America,2025-04-18 20:00:33
ORD00764,Headphones,1393.34,5,6966.7,North America,2024-11-08 20:00:33
ORD00782,Smartphone,416.29,4,1665.16,North America,2024-08-15 20:00:33
ORD00809,Smartphone,712.54,2,1425.08,Asia,2025-01-09 20:00:33
ORD00825,Smartphone,446.66,1,446.66,Africa,2024-08-17 20:00:33
ORD00831,Headphones,1445.94,4,5783.76,North America,2024-11-15 20:00:33
ORD00914,Smartphone,893.54,4,3574.16,North America,2025-05-17 20:00:33
ORD00918,Monitor,1009.94,3,3029.82,Europe,2025-06-09 20:00:33
ORD00941,Headphones,416.89,3,1250.67,North America,2025-01-14 20:00:33
ORD00974,Headphones,573.98,5,2869.9,South America,2025-01-31 20:00:33
ORD00999,Smartphone,259.89,3,779.67,Asia,2025-07-02 20:00:33
ORD00014,Smartphone,780.87,4,3123.48,South America,2024-10-01 20:00:33
ORD00059,Smartphone,435.3,5,2176.5,South America,2025-02-05 20:00:33
ORD00202,Keyboard,1015.05,4,4060.2,Africa,2025-03-26 20:00:33
ORD00218,Tablet,551.49,4,2205.96,Africa,2025-04-09 20:00:33
ORD00268,Laptop,1360.23,2,2720.46,South America,2024-09-27 20:00:33
ORD00311,Tablet,686.7,2,1373.4,Africa,2024-11-28 20:00:33
ORD00395,Laptop,573.13,3,1719.39,Europe,2025-04-14 20:00:33
ORD00458,Keyboard,156.8,4,627.2,Africa,2024-12-12 20:00:33
ORD00478,Smartphone,638.6,2,1277.2,North America,2025-02-01 20:00:33
ORD00499,Smartphone,539.06,4,2156.24,South America,2025-03-28 20:00:33
ORD00504,Mouse,689.78,5,3448.9,Africa,2024-11-08 20:00:33
ORD00553,Headphones,127.15,2,254.3,Africa,2024-12-17 20:00:33
ORD00574,Mouse,55.01,2,110.02,Europe,2025-01-28 20:00:33
ORD00577,Monitor,1388.21,3,4164.63,Asia,2025-03-21 20:00:33
ORD00600,Headphones,755.09,5,3775.45,North America,2025-02-16 20:00:33
ORD00632,Laptop,137.11,5,685.55,North America,2024-12-18 20:00:33
ORD00695,Tablet,820.27,4,3281.08,North America,2024-09-18 20:00:33
ORD00763,Monitor,154.85,3,464.55,Asia,2024-12-29 20:00:33
ORD00820,Laptop,725.16,5,3625.8,Europe,2024-08-24 20:00:33
ORD00838,Headphones,1194.85,2,2389.7,Asia,2024-09-15 20:00:33
ORD00851,Headphones,1120.77,4,4483.08,South America,2025-04-13 20:00:33
ORD00001,Tablet,1042.62,3,3127.86,South America,2024-09-01 20:00:33
ORD00030,Monitor,1383.87,2,2767.74,South America,2025-05-23 20:00:33
ORD00052,Mouse,283.88,3,851.64,South America,2024-11-09 20:00:33
ORD00110,Keyboard,779.98,4,3119.92,South America,2025-04-09 20:00:33
ORD00160,Mouse,1468.51,1,1468.51,North America,2024-11-17 20:00:33
ORD00166,Monitor,1397.19,3,4191.57,South America,2024-07-10 20:00:33
ORD00185,Headphones,933.46,1,933.46,South America,2025-05-19 20:00:33
ORD00195,Keyboard,236.61,4,946.44,Europe,2025-01-08 20:00:33
ORD00284,Monitor,1049.61,3,3148.83,North America,2024-10-13 20:00:33
ORD00291,Laptop,932.45,2,1864.9,Asia,2024-09-06 20:00:33
ORD00302,Tablet,1347.96,4,5391.84,Africa,2025-01-08 20:00:33
ORD00327,Monitor,515.14,4,2060.56,Africa,2025-02-11 20:00:33
ORD00390,Smartphone,988.64,3,2965.92,Africa,2025-06-04 20:00:33
ORD00400,Headphones,536.76,2,1073.52,Africa,2025-05-23 20:00:33
ORD00428,Mouse,509.76,2,1019.52,Africa,2025-04-28 20:00:33
ORD00487,Mouse,533.57,4,2134.28,South America,2025-01-07 20:00:33
ORD00491,Tablet,714.51,2,1429.02,Asia,2024-09-12 20:00:33
ORD00555,Smartphone,1255.62,4,5022.48,North America,2024-10-22 20:00:33
ORD00583,Tablet,1353.35,3,4060.05,North America,2024-07-26 20:00:33
ORD00634,Keyboard,558.53,1,558.53,Europe,2025-02-04 20:00:33
ORD00813,Tablet,1418.18,5,7090.9,Asia,2025-03-14 20:00:33
ORD00834,Monitor,924.71,3,2774.13,Asia,2025-02-27 20:00:33
ORD00871,Smartphone,497.25,3,1491.75,North America,2024-08-03 20:00:33
ORD00878,Smartphone,443.56,2,887.12,Europe,2024-08-10 20:00:33
ORD00883,Smartphone,597.85,1,597.85,Europe,2024-10-24 20:00:33
ORD00897,Headphones,403.6,2,807.2,Europe,2024-09-19 20:00:33
ORD00954,Keyboard,1200.36,2,2400.72,Europe,2025-03-18 20:00:33
ORD00105,Monitor,932.7,2,1865.4,South America,2024-12-27 20:00:33
ORD00128,Keyboard,749.02,3,2247.06,North America,2024-07-28 20:00:33
ORD00162,Headphones,699.79,5,3498.95,South America,2024-11-25 20:00:33
ORD00257,Headphones,984.81,3,2954.43,North America,2025-06-30 20:00:33
ORD00333,Monitor,284.53,2,569.06,North America,2024-10-22 20:00:33
ORD00353,Mouse,997.63,3,2992.89,North America,2024-12-08 20:00:33
ORD00359,Monitor,1426.2,3,4278.6,Asia,2024-12-15 20:00:33
ORD00410,Mouse,555.88,3,1667.64,Africa,2025-03-31 20:00:33
ORD00413,Tablet,832.0,5,4160.0,Asia,2024-10-25 20:00:33
ORD00432,Laptop,1198.85,5,5994.25,North America,2024-11-20 20:00:33
ORD00434,Headphones,1085.36,5,5426.8,North America,2025-04-11 20:00:33
ORD00449,Headphones,933.32,5,4666.6,South America,2024-10-11 20:00:33
ORD00452,Laptop,1427.26,2,2854.52,Africa,2025-03-18 20:00:33
ORD00567,Keyboard,1173.12,3,3519.36,Europe,2024-08-14 20:00:33
ORD00609,Keyboard,449.77,1,449.77,Europe,2025-03-21 20:00:33
ORD00616,Keyboard,85.72,1,85.72,North America,2025-03-11 20:00:33
ORD00655,Monitor,1451.71,2,2903.42,South America,2024-12-19 20:00:33
ORD00667,Keyboard,687.95,5,3439.75,Africa,2024-07-17 20:00:33
ORD00814,Keyboard,810.29,3,2430.87,South America,2024-12-03 20:00:33
ORD00816,Laptop,191.71,1,191.71,North America,2024-07-24 20:00:33
ORD00826,Monitor,770.88,3,2312.64,Africa,2025-02-22 20:00:33
ORD00836,Tablet,358.13,5,1790.65,Europe,2025-06-15 20:00:33
ORD00859,Monitor,579.15,4,2316.6,Asia,2024-11-14 20:00:33
ORD00921,Tablet,373.9,1,373.9,Europe,2024-08-18 20:00:33
ORD00025,Laptop,647.02,2,1294.04,North America,2024-08-14 20:00:33
ORD00064,Laptop,178.3,5,891.5,South America,2024-09-03 20:00:33
ORD00080,Mouse,1209.28,4,4837.12,South America,2024-08-09 20:00:33
ORD00100,Tablet,668.28,3,2004.84,Asia,2025-01-28 20:00:33
ORD00158,Keyboard,995.28,4,3981.12,Africa,2024-08-06 20:00:33
ORD00189,Mouse,153.68,4,614.72,Europe,2024-10-08 20:00:33
ORD00212,Headphones,709.87,2,1419.74,Africa,2025-04-10 20:00:33
ORD00354,Headphones,822.59,1,822.59,North America,2024-07-26 20:00:33
ORD00370,Mouse,113.24,4,452.96,Asia,2024-11-28 20:00:33
ORD00438,Tablet,642.75,3,1928.25,Asia,2024-09-29 20:00:33
ORD00469,Mouse,567.14,4,2268.56,Africa,2024-07-05 20:00:33
ORD00477,Headphones,927.1,2,1854.2,North America,2025-01-17 20:00:33
ORD00505,Keyboard,542.11,1,542.11,Asia,2024-08-03 20:00:33
ORD00516,Headphones,849.02,4,3396.08,Africa,2024-09-30 20:00:33
ORD00517,Headphones,661.16,3,1983.48,Africa,2024-09-07 20:00:33
ORD00534,Laptop,144.66,1,144.66,South America,2025-06-17 20:00:33
ORD00602,Laptop,1448.3,5,7241.5,Asia,2024-07-25 20:00:33
ORD00641,Keyboard,1245.92,4,4983.68,Africa,2025-01-23 20:00:33
ORD00685,Tablet,1126.83,4,4507.32,North America,2025-02-11 20:00:33
ORD00749,Tablet,138.07,4,552.28,Africa,2024-08-09 20:00:33
ORD00790,Keyboard,1157.26,4,4629.04,Europe,2025-03-31 20:00:33
ORD00870,Keyboard,412.19,3,1236.57,South America,2025-02-03 20:00:33
ORD00936,Headphones,1384.89,2,2769.78,Asia,2024-10-12 20:00:33
ORD00970,Laptop,1427.83,4,5711.32,Asia,2024-09-19 20:00:33
ORD00972,Mouse,1056.1,5,5280.5,Asia,2024-12-07 20:00:33
ORD00994,Headphones,1127.2,2,2254.4,South America,2024-12-21 20:00:33
ORD00002,Keyboard,885.47,5,4427.35,North America,2025-06-02 20:00:33
ORD00027,Laptop,1004.66,5,5023.3,Europe,2025-06-14 20:00:33
ORD00047,Smartphone,780.72,3,2342.16,Asia,2025-01-06 20:00:33
ORD00148,Keyboard,161.0,5,805.0,North America,2025-05-21 20:00:33
ORD00200,Smartphone,662.29,2,1324.58,North America,2025-04-10 20:00:33
ORD00223,Keyboard,548.19,5,2740.95,Asia,2024-07-27 20:00:33
ORD00245,Tablet,936.03,3,2808.09,Africa,2024-08-03 20:00:33
ORD00296,Headphones,1352.91,3,4058.73,North America,2025-03-11 20:00:33
ORD00312,Keyboard,791.52,3,2374.56,Asia,2025-01-20 20:00:33
ORD00408,Laptop,1092.38,2,2184.76,Africa,2025-07-01 20:00:33
ORD00425,Tablet,546.77,1,546.77,North America,2025-05-26 20:00:33
ORD00514,Keyboard,459.93,2,919.86,Africa,2025-04-23 20:00:33
ORD00608,Mouse,61.84,2,123.68,South America,2025-01-07 20:00:33
ORD00693,Mouse,238.61,3,715.83,Africa,2024-08-27 20:00:33
ORD00732,Smartphone,558.63,5,2793.15,South America,2025-05-24 20:00:33
ORD00766,Laptop,237.65,5,1188.25,Asia,2025-04-17 20:00:33
ORD00784,Laptop,260.86,5,1304.3,Africa,2025-05-26 20:00:33
ORD00793,Mouse,725.04,1,725.04,North America,2025-05-12 20:00:33
ORD00800,Keyboard,322.62,1,322.62,Europe,2024-11-07 20:00:33
ORD00803,Laptop,391.51,2,783.02,Africa,2025-05-29 20:00:33
ORD00867,Mouse,1413.99,2,2827.98,Europe,2024-12-15 20:00:33
ORD00902,Smartphone,541.43,3,1624.29,Africa,2024-11-17 20:00:33
ORD00919,Smartphone,230.42,2,460.84,Europe,2025-03-20 20:00:33
ORD00988,Keyboard,1368.74,1,1368.74,Africa,2025-06-08 20:00:33
ORD00011,Keyboard,919.57,3,2758.71,Asia,2024-10-12 20:00:33
ORD00033,Smartphone,375.77,1,375.77,Asia,2025-02-19 20:00:33
ORD00054,Keyboard,673.17,2,1346.34,North America,2025-06-07 20:00:33
ORD00079,Mouse,1040.32,2,2080.64,Asia,2025-05-26 20:00:33
ORD00091,Mouse,594.52,5,2972.6,Africa,2024-12-30 20:00:33
ORD00094,Headphones,426.61,5,2133.05,South America,2025-06-21 20:00:33
ORD00172,Tablet,90.3,4,361.2,Asia,2025-05-04 20:00:33
ORD00182,Tablet,1408.7,4,5634.8,South America,2025-04-28 20:00:33
ORD00201,Mouse,308.54,2,617.08,South America,2025-04-10 20:00:33
ORD00313,Mouse,139.51,2,279.02,South America,2024-09-30 20:00:33
ORD00319,Headphones,577.32,1,577.32,Africa,2024-08-18 20:00:33
ORD00332,Smartphone,571.7,5,2858.5,North America,2024-10-13 20:00:33
ORD00340,Mouse,991.48,2,1982.96,Africa,2025-05-14 20:00:33
ORD00347,Keyboard,266.56,2,533.12,Asia,2025-04-16 20:00:33
ORD00385,Tablet,282.03,4,1128.12,Africa,2025-03-13 20:00:33
ORD00418,Mouse,496.83,2,993.66,Asia,2024-10-30 20:00:33
ORD00435,Monitor,1425.34,2,2850.68,Africa,2025-05-25 20:00:33
ORD00460,Laptop,546.6,2,1093.2,South America,2024-11-19 20:00:33
ORD00507,Tablet,629.51,2,1259.02,South America,2024-07-10 20:00:33
ORD00541,Keyboard,706.96,4,2827.84,North America,2024-12-07 20:00:33
ORD00589,Tablet,1120.26,4,4481.04,Europe,2025-01-12 20:00:33
ORD00648,Keyboard,486.01,5,2430.05,Europe,2025-06-01 20:00:33
ORD00691,Headphones,1015.66,4,4062.64,North America,2025-06-29 20:00:33
ORD00717,Laptop,509.81,5,2549.05,South America,2025-04-19 20:00:33
ORD00734,Headphones,88.13,5,440.65,Asia,2024-09-07 20:00:33
ORD00753,Smartphone,323.39,1,323.39,Asia,2024-12-30 20:00:33
ORD00792,Smartphone,473.23,4,1892.92,Europe,2024-08-12 20:00:33
ORD00802,Monitor,612.08,3,1836.24,North America,2025-01-28 20:00:33
ORD00821,Monitor,273.65,2,547.3,Africa,2024-09-25 20:00:33
ORD00822,Smartphone,124.45,1,124.45,Africa,2024-08-14 20:00:33
ORD00852,Monitor,161.14,1,161.14,South America,2025-06-08 20:00:33
ORD00891,Monitor,658.22,4,2632.88,Europe,2024-12-06 20:00:33
ORD00907,Mouse,861.1,4,3444.4,Asia,2024-08-18 20:00:33
ORD00916,Mouse,168.0,3,504.0,Africa,2025-02-11 20:00:33
ORD00993,Headphones,175.12,1,175.12,Europe,2024-11-30 20:00:33
ORD00062,Laptop,834.04,3,2502.12,South America,2024-07-10 20:00:33
ORD00089,Smartphone,411.54,3,1234.62,Asia,2025-05-09 20:00:33
ORD00108,Laptop,1193.09,5,5965.45,Europe,2025-05-25 20:00:33
ORD00153,Headphones,145.8,3,437.4,North America,2025-02-13 20:00:33
ORD00161,Mouse,755.39,1,755.39,Africa,2024-10-15 20:00:33
ORD00167,Laptop,631.02,3,1893.06,South America,2024-12-30 20:00:33
ORD00203,Mouse,1341.84,2,2683.68,South America,2024-07-21 20:00:33
ORD00271,Tablet,1251.26,2,2502.52,Europe,2024-07-09 20:00:33
ORD00275,Keyboard,545.88,3,1637.64,North America,2024-08-09 20:00:33
ORD00393,Mouse,1201.69,3,3605.07,Africa,2025-01-16 20:00:33
ORD00420,Tablet,671.49,3,2014.47,South America,2024-10-17 20:00:33
ORD00488,Laptop,1287.74,2,2575.48,Asia,2025-01-16 20:00:33
ORD00529,Smartphone,933.59,4,3734.36,South America,2024-09-13 20:00:33
ORD00644,Tablet,105.56,4,422.24,South America,2025-03-06 20:00:33
ORD00645,Smartphone,744.66,2,1489.32,Africa,2024-08-31 20:00:33
ORD00681,Monitor,142.99,4,571.96,Asia,2025-04-30 20:00:33
ORD00702,Keyboard,1092.72,4,4370.88,South America,2025-05-09 20:00:33
ORD00720,Monitor,148.3,2,296.6,Africa,2025-03-17 20:00:33
ORD00799,Mouse,952.26,3,2856.78,South America,2024-11-05 20:00:33
ORD00807,Mouse,1340.37,3,4021.11,Asia,2025-01-27 20:00:33
ORD00819,Headphones,1374.09,5,6870.45,Asia,2025-04-17 20:00:33
ORD00910,Mouse,364.71,5,1823.55,Africa,2025-02-07 20:00:33
ORD00922,Keyboard,877.95,4,3511.8,South America,2025-06-08 20:00:33
ORD00937,Laptop,157.26,3,471.78,Asia,2025-05-09 20:00:33
ORD00945,Laptop,1443.16,3,4329.48,North America,2024-09-04 20:00:33
ORD00132,Mouse,1384.83,5,6924.15,Africa,2024-09-06 20:00:33
ORD00178,Laptop,1446.6,5,7233.0,South America,2025-02-19 20:00:33
ORD00209,Monitor,1483.5,4,5934.0,Europe,2024-12-13 20:00:33
ORD00252,Tablet,1330.39,4,5321.56,South America,2024-08-14 20:00:33
ORD00272,Keyboard,817.07,2,1634.14,Europe,2025-05-26 20:00:33
ORD00325,Laptop,833.77,5,4168.85,Asia,2025-03-18 20:00:33
ORD00465,Headphones,251.03,4,1004.12,Europe,2024-11-20 20:00:33
ORD00482,Mouse,551.69,3,1655.07,Europe,2024-12-15 20:00:33
ORD00519,Laptop,1287.23,5,6436.15,Europe,2025-04-25 20:00:33
ORD00530,Smartphone,1004.48,5,5022.4,North America,2024-08-12 20:00:33
ORD00547,Monitor,193.37,4,773.48,North America,2024-09-29 20:00:33
ORD00551,Laptop,121.46,5,607.3,Asia,2024-07-26 20:00:33
ORD00586,Keyboard,280.85,3,842.55,Africa,2024-10-21 20:00:33
ORD00590,Tablet,1135.58,1,1135.58,Europe,2025-01-24 20:00:33
ORD00611,Keyboard,1290.77,1,1290.77,North America,2024-09-14 20:00:33
ORD00674,Keyboard,1305.13,5,6525.65,Africa,2025-03-12 20:00:33
ORD00723,Mouse,745.97,3,2237.91,Asia,2025-03-10 20:00:33
ORD00725,Smartphone,704.8,2,1409.6,Africa,2025-06-09 20:00:33
ORD00747,Mouse,449.33,5,2246.65,Africa,2024-09-26 20:00:33
ORD00791,Mouse,1192.35,1,1192.35,North America,2025-02-27 20:00:33
ORD00796,Keyboard,174.4,1,174.4,Europe,2025-05-24 20:00:33
ORD00930,Monitor,1184.53,1,1184.53,South America,2025-02-14 20:00:33
ORD00979,Keyboard,1461.93,5,7309.65,Asia,2025-01-22 20:00:33
ORD00012,Keyboard,998.04,3,2994.12,Africa,2025-05-10 20:00:33
ORD00028,Tablet,1346.86,2,2693.72,Asia,2024-08-29 20:00:33
ORD00048,Mouse,1199.74,3,3599.22,Europe,2025-03-22 20:00:33
ORD00056,Mouse,413.41,3,1240.23,North America,2024-11-25 20:00:33
ORD00070,Laptop,607.61,4,2430.44,Europe,2024-09-05 20:00:33
ORD00114,Mouse,141.74,4,566.96,Africa,2024-10-26 20:00:33
ORD00136,Monitor,779.82,2,1559.64,Europe,2024-07-21 20:00:33
ORD00168,Mouse,1341.42,3,4024.26,North America,2025-03-20 20:00:33
ORD00216,Laptop,709.87,1,709.87,Europe,2024-09-19 20:00:33
ORD00221,Keyboard,1145.21,5,5726.05,Africa,2025-01-03 20:00:33
ORD00283,Mouse,254.24,2,508.48,Asia,2024-11-22 20:00:33
ORD00294,Laptop,240.4,3,721.2,North America,2025-04-27 20:00:33
ORD00355,Smartphone,223.37,5,1116.85,Europe,2025-03-25 20:00:33
ORD00361,Monitor,363.46,1,363.46,Africa,2024-10-07 20:00:33
ORD00380,Smartphone,1492.24,4,5968.96,South America,2025-06-13 20:00:33
ORD00381,Smartphone,980.4,4,3921.6,North America,2024-10-09 20:00:33
ORD00389,Monitor,945.28,5,4726.4,Asia,2025-03-28 20:00:33
ORD00415,Mouse,954.4,5,4772.0,Asia,2024-08-09 20:00:33
ORD00419,Laptop,1339.49,2,2678.98,Europe,2025-03-03 20:00:33
ORD00565,Headphones,644.92,5,3224.6,South America,2024-12-27 20:00:33
ORD00597,Smartphone,119.73,3,359.19,Africa,2024-12-31 20:00:33
ORD00621,Headphones,665.41,2,1330.82,North America,2025-06-28 20:00:33
ORD00662,Laptop,1392.29,4,5569.16,Africa,2025-06-09 20:00:33
ORD00679,Headphones,1115.04,3,3345.12,South America,2024-12-21 20:00:33
ORD00847,Monitor,765.5,3,2296.5,Asia,2025-01-21 20:00:33
ORD00877,Laptop,335.25,3,1005.75,Asia,2024-07-16 20:00:33
ORD00976,Headphones,242.97,3,728.91,Africa,2024-11-21 20:00:33
ORD00977,Tablet,100.73,1,100.73,North America,2025-05-11 20:00:33
ORD00987,Smartphone,558.82,1,558.82,Europe,2025-05-06 20:00:33
ORD01000,Keyboard,1136.59,3,3409.77,Africa,2025-05-22 20:00:33
ORD00024,Headphones,889.48,5,4447.4,South America,2024-12-19 20:00:33
ORD00032,Keyboard,815.36,5,4076.8,North America,2025-03-31 20:00:33
ORD00083,Smartphone,424.2,2,848.4,Asia,2024-08-24 20:00:33
ORD00101,Tablet,156.1,1,156.1,Asia,2024-09-07 20:00:33
ORD00118,Monitor,990.48,3,2971.44,North America,2025-07-02 20:00:33
ORD00139,Laptop,1182.98,4,4731.92,Africa,2024-12-01 20:00:33
ORD00234,Smartphone,1396.47,2,2792.94,South America,2025-02-27 20:00:33
ORD00264,Monitor,1268.48,4,5073.92,Europe,2025-05-27 20:00:33
ORD00349,Keyboard,1195.76,5,5978.8,Asia,2024-12-09 20:00:33
ORD00446,Laptop,1214.57,3,3643.71,South America,2025-02-17 20:00:33
ORD00454,Keyboard,246.88,2,493.76,North America,2024-10-15 20:00:33
ORD00495,Smartphone,370.87,2,741.74,Africa,2024-09-26 20:00:33
ORD00515,Tablet,1488.18,4,5952.72,Asia,2025-04-15 20:00:33
ORD00531,Laptop,694.61,5,3473.05,South America,2024-08-27 20:00:33
ORD00538,Monitor,334.42,1,334.42,Africa,2024-09-09 20:00:33
ORD00570,Smartphone,313.88,1,313.88,Europe,2024-09-29 20:00:33
ORD00614,Monitor,1480.01,4,5920.04,North America,2024-08-29 20:00:33
ORD00664,Monitor,649.89,5,3249.45,South America,2025-05-23 20:00:33
ORD00683,Laptop,962.88,5,4814.4,Asia,2024-08-12 20:00:33
ORD00694,Keyboard,153.5,5,767.5,South America,2024-12-02 20:00:33
ORD00703,Keyboard,1386.61,2,2773.22,Africa,2025-01-30 20:00:33
ORD00711,Tablet,268.21,4,1072.84,Africa,2024-07-28 20:00:33
ORD00719,Smartphone,142.05,3,426.15,Asia,2025-06-07 20:00:33
ORD00759,Keyboard,182.22,2,364.44,North America,2024-07-04 20:00:33
ORD00873,Mouse,938.01,4,3752.04,North America,2025-06-23 20:00:33
ORD00884,Monitor,1246.02,4,4984.08,Africa,2025-02-09 20:00:33
ORD00888,Keyboard,1096.51,5,5482.55,South America,2024-11-12 20:00:33
ORD00956,Keyboard,789.82,2,1579.64,Europe,2025-05-18 20:00:33
ORD00990,Monitor,117.25,3,351.75,North America,2025-01-12 20:00:33
ORD00031,Headphones,83.8,5,419.0,North America,2025-04-16 20:00:33
ORD00088,Monitor,1113.37,3,3340.11,Europe,2024-10-03 20:00:33
ORD00099,Laptop,1398.99,2,2797.98,Europe,2024-09-21 20:00:33
ORD00103,Laptop,1266.69,3,3800.07,Europe,2024-12-04 20:00:33
ORD00152,Tablet,538.94,1,538.94,Europe,2025-06-28 20:00:33
ORD00190,Tablet,159.95,2,319.9,North America,2024-10-18 20:00:33
ORD00247,Headphones,1118.69,3,3356.07,Asia,2025-05-10 20:00:33
ORD00261,Headphones,276.34,5,1381.7,Africa,2024-11-11 20:00:33
ORD00263,Tablet,304.87,2,609.74,North America,2025-07-02 20:00:33
ORD00336,Smartphone,854.14,5,4270.7,North America,2025-06-04 20:00:33
ORD00343,Laptop,131.23,3,393.69,Africa,2024-09-29 20:00:33
ORD00352,Mouse,1275.25,1,1275.25,Asia,2025-05-20 20:00:33
ORD00382,Laptop,567.88,3,1703.64,Asia,2024-09-04 20:00:33
ORD00421,Laptop,305.37,2,610.74,Europe,2025-05-05 20:00:33
ORD00556,Tablet,189.48,4,757.92,Europe,2025-01-12 20:00:33
ORD00584,Monitor,1292.63,3,3877.89,North America,2025-03-26 20:00:33
ORD00625,Smartphone,1053.27,5,5266.35,Asia,2024-10-12 20:00:33
ORD00628,Monitor,246.68,3,740.04,Asia,2024-07-24 20:00:33
ORD00629,Keyboard,1309.87,3,3929.61,Asia,2024-08-01 20:00:33
ORD00633,Keyboard,407.4,4,1629.6,North America,2025-02-01 20:00:33
ORD00690,Smartphone,145.66,4,582.64,Europe,2025-01-29 20:00:33
ORD00742,Keyboard,227.45,5,1137.25,Europe,2024-08-29 20:00:33
ORD00760,Keyboard,989.18,1,989.18,Africa,2024-12-19 20:00:33
ORD00767,Monitor,734.15,3,2202.45,Asia,2024-07-13 20:00:33
ORD00935,Monitor,1220.31,5,6101.55,Africa,2024-10-18 20:00:33
ORD00971,Headphones,1444.19,5,7220.95,Europe,2025-04-01 20:00:33
ORD00978,Smartphone,553.42,1,553.42,Asia,2024-11-05 20:00:33
ORD00984,Mouse,434.47,3,1303.41,Europe,2024-07-21 20:00:33
ORD00010,Monitor,579.4,2,1158.8,North America,2025-03-01 20:00:33
ORD00020,Laptop,1178.52,2,2357.04,North America,2025-05-23 20:00:33
ORD00029,Keyboard,1323.0,3,3969.0,Asia,2025-05-03 20:00:33
ORD00035,Mouse,890.04,2,1780.08,Africa,2025-05-13 20:00:33
ORD00073,Laptop,826.59,3,2479.77,Europe,2024-10-16 20:00:33
ORD00106,Keyboard,1340.09,3,4020.27,Europe,2024-08-30 20:00:33
ORD00131,Tablet,913.63,4,3654.52,South America,2024-07-24 20:00:33
ORD00134,Keyboard,709.57,5,3547.85,Europe,2024-09-01 20:00:33
ORD00145,Laptop,1097.54,2,2195.08,Asia,2024-07-04 20:00:33
ORD00173,Mouse,1054.61,4,4218.44,South America,2025-03-18 20:00:33
ORD00404,Mouse,265.53,2,531.06,Europe,2024-07-04 20:00:33
ORD00430,Headphones,571.76,3,1715.28,Africa,2025-01-02 20:00:33
ORD00431,Laptop,163.42,2,326.84,Europe,2025-05-17 20:00:33
ORD00510,Laptop,1155.38,4,4621.52,South America,2024-09-11 20:00:33
ORD00548,Monitor,493.77,1,493.77,North America,2025-02-21 20:00:33
ORD00604,Mouse,1350.84,4,5403.36,Europe,2025-04-23 20:00:33
ORD00612,Headphones,291.19,1,291.19,Africa,2024-07-11 20:00:33
ORD00630,Mouse,1294.39,4,5177.56,Africa,2024-11-03 20:00:33
ORD00631,Tablet,307.2,3,921.6,Africa,2025-01-28 20:00:33
ORD00677,Mouse,673.93,3,2021.79,North America,2025-06-03 20:00:33
ORD00686,Smartphone,64.03,5,320.15,Asia,2025-06-15 20:00:33
ORD00716,Keyboard,1062.23,1,1062.23,Africa,2025-05-24 20:00:33
ORD00778,Laptop,1181.18,2,2362.36,South America,2024-11-13 20:00:33
ORD00811,Smartphone,474.65,1,474.65,Europe,2024-08-11 20:00:33
ORD00896,Tablet,139.74,5,698.7,Europe,2024-11-03 20:00:33
ORD00943,Tablet,105.01,3,315.03,Asia,2025-06-04 20:00:33
ORD00982,Smartphone,392.65,2,785.3,Europe,2024-12-31 20:00:33
ORD00983,Tablet,427.68,2,855.36,Europe,2025-04-20 20:00:33
ORD00041,Monitor,279.91,4,1119.64,North America,2025-07-03 20:00:33
ORD00043,Smartphone,327.67,5,1638.35,South America,2024-10-19 20:00:33
ORD00065,Laptop,1269.28,3,3807.84,Africa,2025-06-10 20:00:33
ORD00067,Laptop,1146.64,4,4586.56,North America,2024-12-02 20:00:33
ORD00087,Smartphone,1117.63,3,3352.89,Europe,2025-03-31 20:00:33
ORD00150,Smartphone,797.73,5,3988.65,North America,2025-06-03 20:00:33
ORD00170,Laptop,382.28,2,764.56,Africa,2024-07-31 20:00:33
ORD00174,Tablet,631.13,1,631.13,Asia,2025-04-13 20:00:33
ORD00231,Laptop,1342.48,2,2684.96,Asia,2024-07-11 20:00:33
ORD00301,Headphones,630.54,4,2522.16,Asia,2024-08-03 20:00:33
ORD00356,Headphones,888.98,5,4444.9,South America,2024-10-02 20:00:33
ORD00358,Keyboard,1143.57,3,3430.71,Europe,2024-07-28 20:00:33
ORD00402,Mouse,1369.71,2,2739.42,Europe,2025-01-24 20:00:33
ORD00409,Keyboard,92.65,2,185.3,South America,2025-01-21 20:00:33
ORD00456,Monitor,788.01,1,788.01,Africa,2024-07-12 20:00:33
ORD00483,Tablet,169.65,4,678.6,North America,2025-04-08 20:00:33
ORD00490,Laptop,308.04,4,1232.16,Asia,2024-09-22 20:00:33
ORD00523,Laptop,256.19,4,1024.76,Africa,2025-01-25 20:00:33
ORD00524,Monitor,1181.91,2,2363.82,South America,2024-10-09 20:00:33
ORD00527,Tablet,492.45,2,984.9,North America,2025-02-10 20:00:33
ORD00598,Smartphone,639.98,5,3199.9,Europe,2025-04-07 20:00:33
ORD00637,Headphones,764.6,4,3058.4,South America,2025-03-03 20:00:33
ORD00650,Headphones,754.55,1,754.55,Africa,2025-05-12 20:00:33
ORD00653,Mouse,370.29,5,1851.45,Africa,2024-11-19 20:00:33
ORD00658,Mouse,753.35,3,2260.05,Asia,2024-10-21 20:00:33
ORD00687,Laptop,221.79,1,221.79,South America,2024-12-17 20:00:33
ORD00729,Headphones,501.96,5,2509.8,North America,2024-12-04 20:00:33
ORD00761,Monitor,202.87,2,405.74,South America,2024-09-22 20:00:33
ORD00810,Keyboard,321.37,3,964.11,Europe,2024-07-15 20:00:33
ORD00882,Headphones,742.48,5,3712.4,South America,2024-10-13 20:00:33
ORD00925,Mouse,1234.4,5,6172.0,Europe,2025-01-16 20:00:33
ORD00009,Mouse,457.24,2,914.48,Asia,2024-10-14 20:00:33
ORD00017,Keyboard,1474.68,2,2949.36,North America,2024-12-26 20:00:33
ORD00019,Laptop,50.68,5,253.4,Europe,2024-08-12 20:00:33
ORD00026,Keyboard,679.71,2,1359.42,Africa,2025-03-01 20:00:33
ORD00111,Smartphone,1063.22,5,5316.1,South America,2024-11-29 20:00:33
ORD00242,Headphones,949.07,1,949.07,Europe,2024-12-19 20:00:33
ORD00348,Headphones,1466.32,4,5865.28,North America,2025-05-14 20:00:33
ORD00414,Mouse,1007.49,5,5037.45,South America,2024-10-02 20:00:33
ORD00440,Tablet,1287.96,3,3863.88,South America,2024-12-07 20:00:33
ORD00441,Keyboard,400.47,2,800.94,Europe,2025-05-31 20:00:33
ORD00485,Laptop,691.23,1,691.23,North America,2024-07-03 20:00:33
ORD00651,Mouse,300.37,4,1201.48,Europe,2025-06-17 20:00:33
ORD00670,Keyboard,237.55,1,237.55,South America,2025-04-08 20:00:33
ORD00706,Headphones,822.0,3,2466.0,Europe,2025-04-10 20:00:33
ORD00740,Tablet,548.08,5,2740.4,Africa,2024-10-29 20:00:33
ORD00772,Laptop,930.61,3,2791.83,Asia,2025-06-02 20:00:33
ORD00898,Monitor,621.35,5,3106.75,South America,2024-07-19 20:00:33
ORD00911,Tablet,988.73,1,988.73,Europe,2025-02-15 20:00:33
ORD00940,Keyboard,405.42,3,1216.26,Asia,2024-11-11 20:00:33
ORD00947,Monitor,430.48,1,430.48,Africa,2025-06-06 20:00:33
ORD00005,Monitor,1292.35,5,6461.75,Europe,2024-11-21 20:00:33
ORD00013,Laptop,413.79,1,413.79,Europe,2025-06-28 20:00:33
ORD00092,Headphones,797.6,5,3988.0,Asia,2025-05-28 20:00:33
ORD00157,Keyboard,185.94,4,743.76,North America,2025-04-25 20:00:33
ORD00169,Headphones,460.31,1,460.31,Africa,2024-11-08 20:00:33
ORD00210,Laptop,615.05,4,2460.2,Africa,2024-12-10 20:00:33
ORD00269,Smartphone,1132.21,3,3396.63,North America,2025-02-03 20:00:33
ORD00300,Mouse,336.45,4,1345.8,South America,2025-05-05 20:00:33
ORD00328,Smartphone,486.69,3,1460.07,Asia,2024-07-13 20:00:33
ORD00399,Keyboard,235.69,3,707.07,Africa,2024-10-14 20:00:33
ORD00406,Laptop,1400.4,3,4201.2,Africa,2025-04-25 20:00:33
ORD00476,Headphones,1063.78,2,2127.56,Europe,2025-05-21 20:00:33
ORD00511,Keyboard,523.43,4,2093.72,North America,2025-04-23 20:00:33
ORD00592,Monitor,157.84,3,473.52,North America,2024-08-08 20:00:33
ORD00624,Monitor,408.11,3,1224.33,North America,2025-05-29 20:00:33
ORD00701,Mouse,126.0,5,630.0,Europe,2024-08-28 20:00:33
ORD00718,Monitor,1438.95,3,4316.85,South America,2024-11-14 20:00:33
ORD00774,Monitor,1115.05,5,5575.25,Africa,2025-02-24 20:00:33
ORD00815,Monitor,756.16,1,756.16,Europe,2025-05-20 20:00:33
ORD00856,Keyboard,723.76,1,723.76,Europe,2025-05-31 20:00:33
ORD00869,Smartphone,1194.31,3,3582.93,South America,2024-09-06 20:00:33
ORD00872,Smartphone,986.1,5,4930.5,North America,2024-10-15 20:00:33
ORD00895,Mouse,916.54,4,3666.16,South America,2025-01-11 20:00:33
ORD00913,Monitor,516.3,2,1032.6,Africa,2025-03-27 20:00:33
ORD00964,Headphones,1438.25,2,2876.5,Europe,2024-09-11 20:00:33
ORD00985,Laptop,945.81,3,2837.43,Europe,2025-02-19 20:00:33
ORD00998,Monitor,173.9,3,521.7,North America,2024-09-06 20:00:33
ORD00004,Laptop,1453.67,4,5814.68,Asia,2025-01-24 20:00:33
ORD00039,Laptop,370.37,5,1851.85,Africa,2025-04-30 20:00:33
ORD00098,Headphones,448.77,1,448.77,Asia,2025-03-03 20:00:33
ORD00112,Smartphone,1292.86,3,3878.58,Europe,2024-11-22 20:00:33
ORD00208,Smartphone,1435.24,4,5740.96,South America,2024-07-19 20:00:33
ORD00230,Mouse,176.83,3,530.49,South America,2024-12-01 20:00:33
ORD00235,Tablet,294.41,1,294.41,Asia,2025-06-19 20:00:33
ORD00241,Laptop,835.42,3,2506.26,South America,2024-10-03 20:00:33
ORD00266,Mouse,343.44,5,1717.2,South America,2025-04-26 20:00:33
ORD00391,Headphones,112.72,4,450.88,Africa,2024-12-28 20:00:33
ORD00593,Keyboard,1262.5,4,5050.0,Europe,2025-06-08 20:00:33
ORD00618,Headphones,1487.69,1,1487.69,Asia,2024-09-07 20:00:33
ORD00656,Keyboard,1257.33,2,2514.66,South America,2025-04-11 20:00:33
ORD00661,Laptop,749.36,3,2248.08,Africa,2025-02-20 20:00:33
ORD00676,Smartphone,1240.02,3,3720.06,Africa,2024-11-15 20:00:33
ORD00684,Monitor,1043.39,2,2086.78,South America,2025-06-12 20:00:33
ORD00724,Headphones,699.52,1,699.52,South America,2024-12-24 20:00:33
ORD00781,Smartphone,421.47,3,1264.41,Africa,2025-02-13 20:00:33
ORD00837,Smartphone,223.1,3,669.3,Asia,2024-12-16 20:00:33
ORD00848,Smartphone,334.37,5,1671.85,Africa,2024-08-30 20:00:33
ORD00875,Smartphone,1094.35,4,4377.4,Asia,2024-10-07 20:00:33
ORD00931,Headphones,1073.74,3,3221.22,Asia,2024-12-17 20:00:33
ORD00958,Smartphone,1485.12,1,1485.12,Europe,2025-04-18 20:00:33
ORD00973,Keyboard,449.47,5,2247.35,South America,2025-05-24 20:00:33
ORD00975,Headphones,718.09,4,2872.36,Africa,2024-09-14 20:00:33
ORD00007,Smartphone,529.45,2,1058.9,South America,2024-08-17 20:00:33
ORD00125,Mouse,662.12,2,1324.24,Europe,2024-07-13 20:00:33
ORD00262,Tablet,311.57,1,311.57,Africa,2025-06-22 20:00:33
ORD00345,Monitor,1341.31,1,1341.31,Africa,2025-07-02 20:00:33
ORD00386,Headphones,214.73,1,214.73,Asia,2024-11-28 20:00:33
ORD00427,Headphones,88.22,1,88.22,Africa,2024-10-02 20:00:33
ORD00447,Smartphone,259.84,1,259.84,Asia,2025-04-16 20:00:33
ORD00450,Mouse,439.48,4,1757.92,Europe,2025-03-17 20:00:33
ORD00480,Mouse,765.68,5,3828.4,North America,2024-10-01 20:00:33
ORD00521,Headphones,198.37,2,396.74,Africa,2024-12-07 20:00:33
ORD00575,Keyboard,641.01,3,1923.03,Asia,2024-08-26 20:00:33
ORD00617,Laptop,1327.53,2,2655.06,North America,2025-05-04 20:00:33
ORD00688,Smartphone,161.93,3,485.79,Africa,2024-09-01 20:00:33
ORD00689,Laptop,383.98,1,383.98,North America,2025-06-13 20:00:33
ORD00735,Mouse,154.57,2,309.14,South America,2025-05-16 20:00:33
ORD00739,Keyboard,1261.85,3,3785.55,Europe,2024-12-17 20:00:33
ORD00765,Tablet,994.51,2,1989.02,North America,2024-10-04 20:00:33
ORD00779,Laptop,734.82,1,734.82,North America,2025-06-15 20:00:33
ORD00789,Keyboard,723.21,1,723.21,Africa,2024-11-24 20:00:33
ORD00805,Laptop,54.32,1,54.32,South America,2024-07-27 20:00:33
ORD00808,Laptop,246.65,3,739.95,Europe,2024-09-29 20:00:33
ORD00858,Laptop,1053.16,1,1053.16,South America,2024-12-23 20:00:33
ORD00948,Smartphone,91.59,4,366.36,Europe,2025-03-07 20:00:33
ORD00967,Monitor,998.22,5,4991.1,Europe,2025-03-06 20:00:33
ORD00119,Mouse,168.64,2,337.28,South America,2024-11-08 20:00:33
ORD00124,Tablet,450.39,5,2251.95,South America,2024-09-18 20:00:33
ORD00143,Headphones,1271.01,5,6355.05,Europe,2024-12-13 20:00:33
ORD00147,Mouse,267.1,1,267.1,Africa,2024-12-11 20:00:33
ORD00183,Tablet,1280.91,5,6404.55,Asia,2024-12-12 20:00:33
ORD00193,Keyboard,1312.11,3,3936.33,Asia,2024-09-27 20:00:33
ORD00196,Laptop,232.31,2,464.62,North America,2024-10-09 20:00:33
ORD00251,Tablet,1366.14,5,6830.7,Asia,2024-08-09 20:00:33
ORD00323,Smartphone,500.58,5,2502.9,North America,2024-10-09 20:00:33
ORD00368,Monitor,872.03,3,2616.09,South America,2025-04-19 20:00:33
ORD00373,Keyboard,728.56,2,1457.12,Asia,2025-02-16 20:00:33
ORD00444,Tablet,612.02,1,612.02,Africa,2024-12-02 20:00:33
ORD00518,Tablet,474.48,2,948.96,North America,2025-02-08 20:00:33
ORD00539,Monitor,1331.15,1,1331.15,Africa,2024-11-15 20:00:33
ORD00582,Tablet,692.17,4,2768.68,North America,2025-01-19 20:00:33
ORD00607,Smartphone,827.74,5,4138.7,Africa,2024-12-31 20:00:33
ORD00678,Mouse,1199.18,4,4796.72,Europe,2025-03-31 20:00:33
ORD00708,Mouse,232.31,3,696.93,South America,2025-04-12 20:00:33
ORD00726,Mouse,934.22,4,3736.88,Africa,2024-12-25 20:00:33
ORD00738,Smartphone,351.64,4,1406.56,Asia,2024-09-30 20:00:33
ORD00741,Mouse,1291.29,3,3873.87,Asia,2025-05-11 20:00:33
ORD00748,Tablet,452.09,2,904.18,Africa,2025-03-04 20:00:33
ORD00787,Keyboard,89.37,4,357.48,Europe,2025-04-07 20:00:33
ORD00835,Laptop,389.35,5,1946.75,South America,2025-06-10 20:00:33
ORD00854,Tablet,92.5,3,277.5,South America,2024-07-28 20:00:33
ORD00879,Smartphone,304.03,1,304.03,Europe,2024-12-02 20:00:33
ORD00890,Monitor,818.63,4,3274.52,South America,2025-01-15 20:00:33
ORD00071,Smartphone,115.25,3,345.75,Europe,2024-10-05 20:00:33
ORD00072,Mouse,1100.21,5,5501.05,Europe,2025-04-26 20:00:33
ORD00084,Keyboard,1244.15,3,3732.45,North America,2024-12-07 20:00:33
ORD00123,Tablet,299.69,3,899.07,South America,2024-11-13 20:00:33
ORD00126,Monitor,1456.66,4,5826.64,Africa,2025-05-22 20:00:33
ORD00191,Laptop,79.72,2,159.44,North America,2024-12-09 20:00:33
ORD00215,Monitor,455.91,2,911.82,South America,2024-12-14 20:00:33
ORD00243,Tablet,220.03,2,440.06,Asia,2025-04-18 20:00:33
ORD00309,Headphones,1085.99,1,1085.99,Asia,2025-02-15 20:00:33
ORD00337,Tablet,149.12,2,298.24,Europe,2024-11-27 20:00:33
ORD00394,Mouse,86.35,1,86.35,Africa,2024-10-19 20:00:33
ORD00411,Laptop,772.78,1,772.78,Europe,2024-12-07 20:00:33
ORD00451,Laptop,504.08,2,1008.16,Asia,2025-03-27 20:00:33
ORD00473,Tablet,281.49,1,281.49,North America,2025-01-25 20:00:33
ORD00489,Laptop,765.99,5,3829.95,North America,2024-10-03 20:00:33
ORD00493,Mouse,1171.46,5,5857.3,Europe,2025-03-27 20:00:33
ORD00494,Monitor,207.85,5,1039.25,Europe,2024-10-02 20:00:33
ORD00509,Keyboard,359.05,1,359.05,Europe,2024-12-30 20:00:33
ORD00545,Headphones,1305.01,1,1305.01,Asia,2024-08-02 20:00:33
ORD00552,Headphones,223.51,4,894.04,Africa,2025-06-21 20:00:33
ORD00562,Smartphone,510.47,4,2041.88,North America,2024-10-03 20:00:33
ORD00576,Headphones,1406.88,2,2813.76,Africa,2024-09-22 20:00:33
ORD00588,Smartphone,299.32,3,897.96,Africa,2024-12-12 20:00:33
ORD00596,Monitor,264.0,1,264.0,Africa,2025-02-18 20:00:33
ORD00622,Tablet,1165.38,4,4661.52,South America,2024-09-08 20:00:33
ORD00659,Mouse,716.73,3,2150.19,North America,2024-10-03 20:00:33
ORD00771,Monitor,1039.57,5,5197.85,Asia,2024-12-27 20:00:33
ORD00823,Laptop,1450.26,2,2900.52,Asia,2025-04-19 20:00:33
ORD00844,Laptop,849.54,4,3398.16,North America,2025-04-16 20:00:33
ORD00857,Tablet,542.35,1,542.35,Africa,2025-03-04 20:00:33
ORD00960,Monitor,953.49,3,2860.47,North America,2025-01-31 20:00:33
ORD00989,Headphones,1108.53,3,3325.59,North America,2024-12-25 20:00:33
ORD00997,Mouse,1402.34,4,5609.36,Asia,2025-01-13 20:00:33
ORD00016,Keyboard,998.5,5,4992.5,South America,2024-08-13 20:00:33
ORD00023,Laptop,672.06,4,2688.24,Europe,2024-07-07 20:00:33
ORD00142,Keyboard,1335.51,1,1335.51,Asia,2024-10-22 20:00:33
ORD00188,Laptop,1079.32,5,5396.6,South America,2024-11-06 20:00:33
ORD00339,Mouse,606.75,4,2427.0,North America,2025-05-14 20:00:33
ORD00346,Monitor,1337.57,3,4012.71,South America,2024-09-02 20:00:33
ORD00387,Laptop,397.74,5,1988.7,South America,2024-08-20 20:00:33
ORD00436,Mouse,1102.59,5,5512.95,Asia,2024-12-20 20:00:33
ORD00439,Monitor,671.25,3,2013.75,Europe,2025-02-06 20:00:33
ORD00462,Laptop,456.6,3,1369.8,Asia,2024-11-18 20:00:33
ORD00475,Keyboard,90.05,1,90.05,North America,2024-09-25 20:00:33
ORD00619,Tablet,824.59,1,824.59,South America,2025-03-01 20:00:33
ORD00627,Monitor,914.47,3,2743.41,North America,2025-05-31 20:00:33
ORD00769,Smartphone,1246.08,1,1246.08,Africa,2024-11-30 20:00:33
ORD00843,Monitor,806.68,4,3226.72,South America,2025-06-10 20:00:33
ORD00866,Laptop,1477.39,2,2954.78,South America,2024-09-08 20:00:33
ORD00942,Tablet,1058.57,2,2117.14,North America,2024-11-11 20:00:33
ORD00996,Monitor,496.43,1,496.43,South America,2025-03-23 20:00:33
ORD00045,Monitor,54.24,4,216.96,Africa,2024-08-13 20:00:33
ORD00053,Mouse,138.94,3,416.82,Europe,2024-09-29 20:00:33
ORD00082,Headphones,995.89,2,1991.78,Asia,2024-09-15 20:00:33
ORD00104,Laptop,880.33,3,2640.99,Africa,2025-03-30 20:00:33
ORD00113,Headphones,929.81,1,929.81,Europe,2025-06-16 20:00:33
ORD00138,Tablet,390.39,4,1561.56,South America,2024-10-19 20:00:33
ORD00165,Tablet,1360.87,4,5443.48,Asia,2025-01-06 20:00:33
ORD00278,Headphones,1022.34,3,3067.02,Asia,2024-08-07 20:00:33
ORD00298,Keyboard,580.01,2,1160.02,North America,2024-12-19 20:00:33
ORD00315,Laptop,568.21,1,568.21,South America,2025-01-15 20:00:33
ORD00364,Smartphone,169.31,3,507.93,Asia,2024-09-18 20:00:33
ORD00445,Mouse,1038.27,3,3114.81,North America,2024-09-19 20:00:33
ORD00453,Tablet,1227.83,2,2455.66,North America,2025-03-02 20:00:33
ORD00506,Mouse,474.17,5,2370.85,South America,2025-01-29 20:00:33
ORD00549,Keyboard,710.58,3,2131.74,South America,2024-07-21 20:00:33
ORD00642,Keyboard,1003.06,4,4012.24,North America,2025-06-04 20:00:33
ORD00680,Keyboard,371.26,4,1485.04,Africa,2025-06-26 20:00:33
ORD00692,Tablet,303.72,5,1518.6,North America,2025-03-12 20:00:33
ORD00700,Monitor,617.32,4,2469.28,South America,2025-05-31 20:00:33
ORD00731,Tablet,1350.72,5,6753.6,Asia,2025-05-09 20:00:33
ORD00768,Tablet,1182.0,4,4728.0,South America,2025-05-18 20:00:33
ORD00863,Laptop,1342.27,5,6711.35,Europe,2025-04-06 20:00:33
ORD00889,Keyboard,1329.01,4,5316.04,Europe,2025-06-02 20:00:33
ORD00899,Tablet,973.5,5,4867.5,Africa,2025-02-07 20:00:33
ORD00928,Mouse,1248.94,1,1248.94,South America,2025-06-13 20:00:33
ORD00929,Tablet,976.09,3,2928.27,Africa,2024-12-13 20:00:33
ORD00934,Keyboard,784.66,5,3923.3,South America,2025-05-11 20:00:33
ORD00939,Mouse,712.02,1,712.02,South America,2024-12-08 20:00:33
ORD00969,Keyboard,956.8,1,956.8,South America,2024-10-09 20:00:33
ORD00042,Keyboard,338.76,2,677.52,South America,2024-09-18 20:00:33
ORD00081,Laptop,176.82,5,884.1,North America,2025-04-25 20:00:33
ORD00129,Keyboard,628.22,3,1884.66,Europe,2025-04-20 20:00:33
ORD00141,Headphones,963.66,5,4818.3,Asia,2025-05-24 20:00:33
ORD00159,Headphones,675.22,4,2700.88,South America,2024-08-19 20:00:33
ORD00192,Smartphone,753.87,2,1507.74,South America,2024-07-20 20:00:33
ORD00225,Tablet,847.9,2,1695.8,Asia,2025-04-16 20:00:33
ORD00259,Tablet,818.08,3,2454.24,Europe,2024-07-12 20:00:33
ORD00320,Mouse,293.74,4,1174.96,South America,2025-03-06 20:00:33
ORD00376,Tablet,841.97,4,3367.88,North America,2025-03-03 20:00:33
ORD00379,Mouse,639.14,4,2556.56,North America,2024-08-28 20:00:33
ORD00396,Headphones,1495.28,1,1495.28,North America,2024-08-05 20:00:33
ORD00398,Headphones,975.51,4,3902.04,Asia,2025-04-23 20:00:33
ORD00433,Smartphone,1286.49,3,3859.47,South America,2024-09-02 20:00:33
ORD00484,Headphones,1338.66,5,6693.3,North America,2024-11-08 20:00:33
ORD00536,Monitor,384.15,5,1920.75,Asia,2024-09-20 20:00:33
ORD00558,Monitor,241.02,3,723.06,North America,2025-04-24 20:00:33
ORD00559,Mouse,850.03,3,2550.09,South America,2024-12-06 20:00:33
ORD00568,Laptop,713.7,5,3568.5,Asia,2025-02-25 20:00:33
ORD00581,Smartphone,1096.21,5,5481.05,Europe,2025-05-27 20:00:33
ORD00704,Tablet,150.4,3,451.2,Europe,2025-03-27 20:00:33
ORD00743,Smartphone,878.39,2,1756.78,Europe,2025-01-13 20:00:33
ORD00750,Monitor,917.38,2,1834.76,Asia,2024-08-10 20:00:33
ORD00887,Monitor,316.04,5,1580.2,Europe,2025-04-24 20:00:33
ORD00962,Headphones,224.85,3,674.55,Asia,2024-12-10 20:00:33
ORD00963,Mouse,641.71,4,2566.84,North America,2024-10-29 20:00:33
ORD00981,Headphones,1449.43,4,5797.72,South America,2024-09-06 20:00:33
ORD00986,Tablet,1070.8,3,3212.4,Asia,2024-11-06 20:00:33
ORD00040,Smartphone,683.43,4,2733.72,Asia,2024-08-17 20:00:33
ORD00074,Tablet,1432.1,1,1432.1,Asia,2024-10-20 20:00:33
ORD00077,Smartphone,941.45,2,1882.9,Asia,2025-01-17 20:00:33
ORD00109,Laptop,95.03,2,190.06,South America,2025-02-26 20:00:33
ORD00181,Headphones,421.62,2,843.24,Asia,2024-12-28 20:00:33
ORD00214,Monitor,1468.35,2,2936.7,North America,2025-06-04 20:00:33
ORD00248,Keyboard,785.76,4,3143.04,Africa,2024-10-21 20:00:33
ORD00258,Smartphone,1085.6,4,4342.4,Europe,2025-04-28 20:00:33
ORD00260,Monitor,1263.19,3,3789.57,Asia,2025-01-16 20:00:33
ORD00273,Laptop,1162.83,1,1162.83,Europe,2025-05-09 20:00:33
ORD00286,Keyboard,830.06,2,1660.12,South America,2025-05-16 20:00:33
ORD00508,Monitor,827.27,4,3309.08,Africa,2025-04-07 20:00:33
ORD00528,Mouse,815.29,5,4076.45,Africa,2024-07-31 20:00:33
ORD00542,Tablet,664.51,5,3322.55,Asia,2025-04-20 20:00:33
ORD00546,Laptop,1104.87,3,3314.61,Asia,2024-12-07 20:00:33
ORD00613,Keyboard,512.75,3,1538.25,Asia,2024-07-16 20:00:33
ORD00699,Smartphone,450.68,5,2253.4,Europe,2024-08-02 20:00:33
ORD00707,Monitor,369.57,3,1108.71,Europe,2025-03-18 20:00:33
ORD00722,Keyboard,486.8,5,2434.0,Europe,2025-03-28 20:00:33
ORD00746,Monitor,616.52,4,2466.08,Africa,2025-04-10 20:00:33
ORD00773,Headphones,1106.26,3,3318.78,South America,2025-01-06 20:00:33
ORD00788,Headphones,429.91,4,1719.64,Asia,2024-08-18 20:00:33
ORD00804,Tablet,680.12,4,2720.48,Africa,2024-07-31 20:00:33
ORD00806,Smartphone,902.2,5,4511.0,South America,2025-03-17 20:00:33
ORD00812,Mouse,920.32,4,3681.28,South America,2025-01-23 20:00:33
ORD00824,Keyboard,170.31,2,340.62,Asia,2024-08-02 20:00:33
ORD00833,Keyboard,86.64,3,259.92,Africa,2024-11-14 20:00:33
ORD00842,Keyboard,764.6,5,3823.0,South America,2025-05-28 20:00:33
ORD00845,Laptop,603.5,4,2414.0,North America,2025-02-09 20:00:33
ORD00855,Smartphone,166.4,2,332.8,Africa,2024-09-18 20:00:33
ORD00915,Tablet,743.76,4,2975.04,South America,2024-08-16 20:00:33
ORD00946,Smartphone,839.18,1,839.18,Asia,2024-09-12 20:00:33
ORD00980,Keyboard,76.15,4,304.6,Asia,2025-04-30 20:00:33
ORD00066,Headphones,975.46,1,975.46,Europe,2024-10-06 20:00:33
ORD00156,Headphones,1348.65,2,2697.3,Asia,2024-11-01 20:00:33
ORD00232,Laptop,1118.64,5,5593.2,Africa,2025-05-26 20:00:33
ORD00236,Monitor,827.26,2,1654.52,South America,2025-06-07 20:00:33
ORD00282,Mouse,245.25,4,981.0,South America,2025-04-06 20:00:33
ORD00292,Monitor,963.08,4,3852.32,Africa,2024-12-24 20:00:33
ORD00308,Headphones,600.15,3,1800.45,Africa,2025-01-20 20:00:33
ORD00341,Tablet,1156.46,4,4625.84,South America,2024-07-08 20:00:33
ORD00371,Smartphone,947.06,5,4735.3,Asia,2025-04-03 20:00:33
ORD00378,Monitor,1186.5,1,1186.5,South America,2024-10-21 20:00:33
ORD00416,Laptop,596.65,5,2983.25,Africa,2024-08-04 20:00:33
ORD00459,Keyboard,265.7,2,531.4,Asia,2024-09-11 20:00:33
ORD00481,Monitor,277.22,1,277.22,Asia,2024-12-17 20:00:33
ORD00540,Mouse,531.83,1,531.83,South America,2024-12-07 20:00:33
ORD00557,Mouse,1101.07,3,3303.21,Africa,2024-09-26 20:00:33
ORD00569,Tablet,490.56,1,490.56,Asia,2024-07-08 20:00:33
ORD00594,Headphones,135.11,3,405.33,Asia,2024-08-05 20:00:33
ORD00601,Headphones,308.83,1,308.83,North America,2024-07-11 20:00:33
ORD00615,Monitor,146.81,1,146.81,Asia,2024-07-23 20:00:33
ORD00647,Monitor,1082.77,2,2165.54,Europe,2024-12-19 20:00:33
ORD00710,Monitor,319.03,4,1276.12,Europe,2025-02-28 20:00:33
ORD00775,Mouse,477.49,2,954.98,South America,2025-03-24 20:00:33
ORD00840,Keyboard,235.18,3,705.54,South America,2025-02-11 20:00:33
ORD00841,Laptop,571.16,1,571.16,Asia,2025-05-05 20:00:33
ORD00853,Keyboard,50.56,1,50.56,South America,2025-06-21 20:00:33
ORD00876,Tablet,434.02,5,2170.1,Europe,2024-09-21 20:00:33
ORD00893,Headphones,1183.58,2,2367.16,South America,2024-09-08 20:00:33
ORD00904,Headphones,497.8,3,1493.4,Africa,2025-02-27 20:00:33
ORD00961,Laptop,188.82,4,755.28,South America,2025-04-03 20:00:33
ORD00992,Tablet,1460.89,5,7304.45,Asia,2024-11-24 20:00:33
ORD00003,Smartphone,390.65,2,781.3,South America,2025-03-12 20:00:33
ORD00036,Headphones,1169.53,4,4678.12,North America,2024-11-29 20:00:33
ORD00037,Tablet,75.93,1,75.93,Asia,2024-08-21 20:00:33
ORD00050,Monitor,528.4,5,2642.0,Europe,2024-12-22 20:00:33
ORD00055,Smartphone,1124.45,5,5622.25,Africa,2024-12-12 20:00:33
ORD00122,Headphones,551.99,1,551.99,Asia,2025-01-11 20:00:33
ORD00176,Headphones,848.81,2,1697.62,South America,2024-11-30 20:00:33
ORD00179,Laptop,948.65,2,1897.3,Africa,2025-05-06 20:00:33
ORD00197,Laptop,608.81,3,1826.43,South America,2024-10-19 20:00:33
ORD00226,Smartphone,350.47,2,700.94,South America,2025-01-18 20:00:33
ORD00239,Headphones,1110.38,1,1110.38,South America,2025-02-26 20:00:33
ORD00307,Tablet,1046.55,5,5232.75,Asia,2025-04-02 20:00:33
ORD00334,Keyboard,1337.64,4,5350.56,Europe,2025-03-11 20:00:33
ORD00535,Keyboard,708.23,4,2832.92,South America,2025-03-11 20:00:33
ORD00561,Monitor,1084.08,3,3252.24,South America,2025-05-27 20:00:33
ORD00595,Smartphone,993.26,3,2979.78,South America,2024-11-04 20:00:33
ORD00605,Mouse,354.81,3,1064.43,Asia,2024-11-15 20:00:33
ORD00696,Laptop,1368.05,4,5472.2,Africa,2025-05-14 20:00:33
ORD00697,Smartphone,94.33,4,377.32,South America,2025-05-07 20:00:33
ORD00712,Smartphone,258.0,4,1032.0,South America,2024-11-28 20:00:33
ORD00752,Mouse,439.57,4,1758.28,North America,2025-01-20 20:00:33
ORD00777,Laptop,954.68,2,1909.36,South America,2024-08-13 20:00:33
ORD00785,Laptop,659.49,1,659.49,South America,2024-08-06 20:00:33
ORD00794,Mouse,1158.8,4,4635.2,Europe,2025-05-26 20:00:33
ORD00868,Smartphone,1354.3,4,5417.2,Africa,2025-01-24 20:00:33
ORD00894,Monitor,1457.13,5,7285.65,North America,2024-12-23 20:00:33
ORD00923,Keyboard,145.08,5,725.4,Asia,2024-10-11 20:00:33
ORD00038,Laptop,1111.35,3,3334.05,Europe,2025-04-28 20:00:33
ORD00049,Keyboard,1072.58,5,5362.9,South America,2024-09-05 20:00:33
ORD00060,Keyboard,1358.37,2,2716.74,Europe,2024-08-29 20:00:33
ORD00133,Laptop,899.77,3,2699.31,North America,2025-03-21 20:00:33
ORD00149,Monitor,938.32,3,2814.96,South America,2025-01-06 20:00:33
ORD00206,Tablet,565.61,5,2828.05,South America,2025-03-20 20:00:33
ORD00222,Keyboard,1275.04,2,2550.08,South America,2025-06-07 20:00:33
ORD00229,Laptop,1304.78,1,1304.78,Asia,2024-11-13 20:00:33
ORD00233,Smartphone,988.16,5,4940.8,Africa,2025-04-14 20:00:33
ORD00244,Tablet,1063.76,1,1063.76,Africa,2024-07-04 20:00:33
ORD00250,Keyboard,1094.96,1,1094.96,Asia,2024-12-08 20:00:33
ORD00277,Monitor,400.79,5,2003.95,Europe,2024-11-01 20:00:33
ORD00281,Headphones,644.85,3,1934.55,South America,2024-12-24 20:00:33
ORD00316,Monitor,568.03,1,568.03,Europe,2024-09-10 20:00:33
ORD00318,Headphones,1052.47,5,5262.35,South America,2024-09-11 20:00:33
ORD00365,Headphones,509.1,3,1527.3,Europe,2025-04-26 20:00:33
ORD00375,Smartphone,1152.05,4,4608.2,Africa,2025-05-10 20:00:33
ORD00392,Mouse,1131.69,5,5658.45,Asia,2024-07-14 20:00:33
ORD00401,Tablet,212.07,2,424.14,Asia,2025-02-08 20:00:33
ORD00423,Monitor,1054.35,5,5271.75,North America,2024-07-26 20:00:33
ORD00443,Tablet,241.51,3,724.53,South America,2024-12-28 20:00:33
ORD00503,Monitor,73.18,5,365.9,Asia,2025-06-01 20:00:33
ORD00512,Smartphone,451.07,2,902.14,North America,2025-06-11 20:00:33
ORD00573,Laptop,387.43,1,387.43,South America,2025-03-20 20:00:33
ORD00578,Monitor,1235.77,3,3707.31,North America,2025-02-18 20:00:33
ORD00599,Smartphone,163.79,5,818.95,Asia,2024-11-03 20:00:33
ORD00663,Keyboard,1066.1,1,1066.1,Asia,2025-03-27 20:00:33
ORD00754,Smartphone,362.53,2,725.06,Europe,2024-08-29 20:00:33
ORD00795,Smartphone,812.83,5,4064.15,Africa,2024-12-19 20:00:33
ORD00818,Smartphone,1466.41,3,4399.23,North America,2025-05-05 20:00:33
ORD00829,Keyboard,817.51,4,3270.04,Africa,2024-12-06 20:00:33
ORD00862,Headphones,678.46,3,2035.38,Asia,2025-01-13 20:00:33
ORD00906,Tablet,330.5,1,330.5,Africa,2024-10-31 20:00:33
ORD00920,Smartphone,1445.99,4,5783.96,Europe,2025-06-06 20:00:33
ORD00950,Mouse,70.73,1,70.73,Asia,2024-07-27 20:00:33
ORD00965,Tablet,271.16,3,813.48,Africa,2024-08-15 20:00:33
ORD00096,Laptop,930.32,2,1860.64,South America,2025-01-09 20:00:33
ORD00144,Smartphone,1138.66,2,2277.32,South America,2025-02-25 20:00:33
ORD00151,Laptop,103.47,5,517.35,Africa,2024-09-24 20:00:33
ORD00164,Mouse,1052.79,2,2105.58,South America,2025-01-11 20:00:33
ORD00274,Laptop,413.15,3,1239.45,Africa,2025-05-05 20:00:33
ORD00285,Headphones,1080.84,3,3242.52,North America,2024-12-16 20:00:33
ORD00288,Keyboard,670.1,1,670.1,South America,2024-07-26 20:00:33
ORD00304,Keyboard,509.01,5,2545.05,Europe,2025-05-27 20:00:33
ORD00329,Monitor,1404.86,2,2809.72,North America,2024-12-23 20:00:33
ORD00351,Monitor,698.75,5,3493.75,Asia,2024-08-02 20:00:33
ORD00457,Headphones,818.17,4,3272.68,North America,2025-03-05 20:00:33
ORD00498,Keyboard,446.1,1,446.1,North America,2025-03-01 20:00:33
ORD00501,Headphones,280.96,1,280.96,Europe,2024-07-20 20:00:33
ORD00533,Smartphone,1348.39,1,1348.39,North America,2024-12-15 20:00:33
ORD00591,Mouse,356.18,4,1424.72,South America,2024-11-09 20:00:33
ORD00675,Laptop,1185.18,4,4740.72,North America,2024-11-22 20:00:33
ORD00713,Tablet,1449.76,1,1449.76,Africa,2025-01-13 20:00:33
ORD00776,Keyboard,108.62,4,434.48,South America,2024-10-15 20:00:33
ORD00817,Laptop,1341.01,4,5364.04,North America,2025-06-30 20:00:33
ORD00827,Smartphone,1381.97,2,2763.94,Africa,2024-11-27 20:00:33
ORD00865,Mouse,630.07,3,1890.21,North America,2024-12-06 20:00:33
ORD00892,Smartphone,574.98,2,1149.96,Europe,2025-05-09 20:00:33
ORD00901,Keyboard,743.95,4,2975.8,Asia,2024-10-29 20:00:33
ORD00908,Keyboard,881.73,2,1763.46,South America,2024-10-07 20:00:33
ORD00957,Headphones,142.97,4,571.88,Europe,2024-10-12 20:00:33
ORD00051,Tablet,904.78,1,904.78,North America,2024-11-20 20:00:33
ORD00057,Laptop,334.19,2,668.38,Africa,2024-11-21 20:00:33
ORD00061,Monitor,815.25,5,4076.25,Europe,2025-04-15 20:00:33
ORD00068,Laptop,701.63,1,701.63,North America,2025-05-26 20:00:33
ORD00107,Mouse,414.54,2,829.08,Africa,2024-10-29 20:00:33
ORD00120,Laptop,1120.06,2,2240.12,North America,2024-10-21 20:00:33
ORD00137,Tablet,474.33,5,2371.65,Africa,2024-11-23 20:00:33
ORD00175,Tablet,1363.78,5,6818.9,North America,2025-01-05 20:00:33
ORD00180,Monitor,1317.44,2,2634.88,South America,2024-12-02 20:00:33
ORD00205,Keyboard,860.82,3,2582.46,Europe,2025-03-01 20:00:33
ORD00217,Monitor,1435.02,5,7175.1,Asia,2025-01-01 20:00:33
ORD00219,Tablet,156.48,3,469.44,Africa,2024-11-22 20:00:33
ORD00267,Headphones,1276.43,3,3829.29,Europe,2025-01-31 20:00:33
ORD00290,Mouse,428.07,5,2140.35,North America,2025-04-09 20:00:33
ORD00384,Keyboard,422.52,5,2112.6,Asia,2024-08-13 20:00:33
ORD00412,Laptop,704.79,2,1409.58,Europe,2024-12-10 20:00:33
ORD00426,Smartphone,902.52,4,3610.08,Asia,2025-02-11 20:00:33
ORD00455,Headphones,1030.67,2,2061.34,Europe,2025-06-29 20:00:33
ORD00461,Laptop,106.13,3,318.39,Asia,2025-04-12 20:00:33
ORD00466,Tablet,473.31,1,473.31,Africa,2025-01-12 20:00:33
ORD00470,Tablet,1006.87,3,3020.61,Europe,2025-06-12 20:00:33
ORD00471,Keyboard,544.16,2,1088.32,South America,2024-12-30 20:00:33
ORD00544,Monitor,1095.26,3,3285.78,Europe,2024-11-30 20:00:33
ORD00665,Smartphone,286.94,5,1434.7,South America,2024-08-21 20:00:33
ORD00682,Headphones,1093.76,5,5468.8,Europe,2024-10-04 20:00:33
ORD00744,Headphones,661.78,1,661.78,Africa,2025-04-25 20:00:33
ORD00839,Laptop,138.94,2,277.88,North America,2025-06-12 20:00:33
ORD00917,Smartphone,81.03,4,324.12,South America,2025-01-26 20:00:33
ORD00966,Smartphone,1071.77,3,3215.31,Africa,2024-12-03 20:00:33
ORD00063,Mouse,878.0,5,4390.0,Europe,2025-03-10 20:00:33
ORD00115,Keyboard,117.17,3,351.51,North America,2025-05-19 20:00:33
ORD00127,Mouse,686.62,3,2059.86,Europe,2024-07-13 20:00:33
ORD00155,Laptop,225.52,4,902.08,Asia,2024-11-01 20:00:33
ORD00171,Keyboard,255.27,3,765.81,Asia,2024-12-28 20:00:33
ORD00198,Keyboard,289.03,2,578.06,North America,2025-01-15 20:00:33
ORD00211,Mouse,423.87,4,1695.48,Asia,2024-09-26 20:00:33
ORD00228,Laptop,1255.55,5,6277.75,Africa,2024-11-21 20:00:33
ORD00238,Smartphone,560.64,4,2242.56,Asia,2025-02-14 20:00:33
ORD00280,Keyboard,574.6,3,1723.8,Europe,2024-07-04 20:00:33
ORD00331,Monitor,315.28,5,1576.4,Asia,2025-05-01 20:00:33
ORD00344,Tablet,1409.98,1,1409.98,Europe,2025-03-12 20:00:33
ORD00360,Smartphone,190.57,2,381.14,Africa,2024-10-22 20:00:33
ORD00362,Mouse,1258.68,5,6293.4,North America,2024-08-26 20:00:33
ORD00366,Headphones,1108.98,4,4435.92,South America,2025-01-06 20:00:33
ORD00367,Keyboard,1118.57,3,3355.71,North America,2025-04-18 20:00:33
ORD00377,Laptop,570.8,2,1141.6,Africa,2025-01-23 20:00:33
ORD00383,Smartphone,1413.09,3,4239.27,Asia,2024-08-31 20:00:33
ORD00472,Laptop,1461.89,1,1461.89,North America,2024-09-20 20:00:33
ORD00543,Headphones,488.0,1,488.0,Africa,2024-07-22 20:00:33
ORD00550,Monitor,368.02,2,736.04,Europe,2025-04-27 20:00:33
ORD00560,Smartphone,506.55,3,1519.65,South America,2025-01-08 20:00:33
ORD00566,Monitor,59.47,1,59.47,South America,2025-01-03 20:00:33
ORD00635,Mouse,1211.92,3,3635.76,Asia,2025-06-30 20:00:33
ORD00636,Keyboard,1259.2,5,6296.0,Africa,2024-07-11 20:00:33
ORD00660,Smartphone,669.85,5,3349.25,South America,2024-10-09 20:00:33
ORD00756,Keyboard,1443.86,4,5775.44,North America,2024-09-21 20:00:33
ORD00758,Smartphone,283.15,3,849.45,South America,2024-07-15 20:00:33
ORD00786,Smartphone,422.4,2,844.8,Africa,2025-04-23 20:00:33
ORD00830,Mouse,1019.84,5,5099.2,Europe,2024-10-08 20:00:33
ORD00850,Monitor,270.11,4,1080.44,Europe,2025-06-15 20:00:33
ORD00886,Monitor,930.33,2,1860.66,North America,2025-01-01 20:00:33
ORD00949,Tablet,1369.89,4,5479.56,Europe,2025-01-01 20:00:33
ORD00951,Keyboard,535.28,4,2141.12,Africa,2025-06-02 20:00:33
ORD00952,Mouse,703.3,1,703.3,Africa,2024-10-05 20:00:33
ORD00968,Headphones,1046.8,5,5234.0,South America,2025-03-28 20:00:33
ORD00991,Tablet,1197.97,3,3593.91,Africa,2024-08-01 20:00:33
